mass,triangles,method,backfacingness,seconds,cpu_seconds
49H-6114,5232,as published,0.6142,,
49H-6114,5232,outie,0.0642,0.041,0.263
49H-6114,5232,"outie, components",0.2315,0.044,0.277
49H-6114,5232,"outie, parity",0.0972,0.088,0.662
49H-6118,1544,as published,0.3930,,
49H-6118,1544,outie,0.0000,0.011,0.062
49H-6118,1544,"outie, components",0.0000,0.010,0.062
49H-6118,1544,"outie, parity",0.0030,0.020,0.157
49H-6122,1685,as published,0.3344,,
49H-6122,1685,outie,0.0001,0.011,0.075
49H-6122,1685,"outie, components",0.0000,0.012,0.071
49H-6122,1685,"outie, parity",0.0043,0.020,0.149
49H-6123,1685,as published,0.3373,,
49H-6123,1685,outie,0.0000,0.011,0.075
49H-6123,1685,"outie, components",0.0000,0.011,0.071
49H-6123,1685,"outie, parity",0.0034,0.019,0.152
50G_NORTH_2-0124,930,as published,0.5541,,
50G_NORTH_2-0124,930,outie,0.0011,0.008,0.052
50G_NORTH_2-0124,930,"outie, components",0.0000,0.008,0.055
50G_NORTH_2-0124,930,"outie, parity",0.0190,0.023,0.192
50G_NORTH_2-0129,25162,as published,0.6006,,
50G_NORTH_2-0129,25162,outie,0.0008,0.221,1.551
50G_NORTH_2-0129,25162,"outie, components",0.0017,0.244,1.662
50G_NORTH_2-0129,25162,"outie, parity",0.0147,0.726,6.042
50G_NORTH_2-0130,494,as published,0.3524,,
50G_NORTH_2-0130,494,outie,0.0115,0.004,0.029
50G_NORTH_2-0130,494,"outie, components",0.0115,0.004,0.025
50G_NORTH_2-0130,494,"outie, parity",0.0123,0.009,0.063
50G_NORTH_2-0134,14806,as published,0.6188,,
50G_NORTH_2-0134,14806,outie,0.0004,0.132,0.903
50G_NORTH_2-0134,14806,"outie, components",0.0001,0.151,0.968
50G_NORTH_2-0134,14806,"outie, parity",0.0449,0.612,5.289
50G_NORTH_2-0135,676,as published,0.3935,,
50G_NORTH_2-0135,676,outie,0.0325,0.005,0.033
50G_NORTH_2-0135,676,"outie, components",0.0325,0.005,0.031
50G_NORTH_2-0135,676,"outie, parity",0.0405,0.010,0.084
50G_NORTH_2-0140,12311,as published,0.5239,,
50G_NORTH_2-0140,12311,outie,0.0028,0.093,0.641
50G_NORTH_2-0140,12311,"outie, components",0.0038,0.152,0.733
50G_NORTH_2-0140,12311,"outie, parity",0.0458,0.204,1.587
50G_NORTH_2-0141,9615,as published,0.6725,,
50G_NORTH_2-0141,9615,outie,0.0041,0.079,0.473
50G_NORTH_2-0141,9615,"outie, components",0.0040,0.081,0.487
50G_NORTH_2-0141,9615,"outie, parity",0.0195,0.176,1.328
50G_NORTH_2-0142,1543,as published,0.3152,,
50G_NORTH_2-0142,1543,outie,0.0004,0.013,0.085
50G_NORTH_2-0142,1543,"outie, components",0.0001,0.014,0.092
50G_NORTH_2-0142,1543,"outie, parity",0.0454,0.030,0.243
50G_NORTH_2-0146,28908,as published,0.1629,,
50G_NORTH_2-0146,28908,outie,0.0009,0.252,1.791
50G_NORTH_2-0146,28908,"outie, components",0.0360,0.294,1.885
50G_NORTH_2-0146,28908,"outie, parity",0.0333,1.698,14.966
50G_NORTH_2-0148,31801,as published,0.2753,,
50G_NORTH_2-0148,31801,outie,0.0015,0.307,2.072
50G_NORTH_2-0148,31801,"outie, components",0.0125,0.323,2.260
50G_NORTH_2-0148,31801,"outie, parity",0.0478,1.726,15.264
50G_NORTH_2-0150,5199,as published,0.4844,,
50G_NORTH_2-0150,5199,outie,0.0005,0.043,0.304
50G_NORTH_2-0150,5199,"outie, components",0.0020,0.051,0.343
50G_NORTH_2-0150,5199,"outie, parity",0.0398,0.142,1.210
50G_NORTH_2-0151,49118,as published,0.0993,,
50G_NORTH_2-0151,49118,outie,0.0031,0.521,3.653
50G_NORTH_2-0151,49118,"outie, components",0.0312,0.552,3.895
50G_NORTH_2-0151,49118,"outie, parity",0.0219,4.064,36.426
50G_NORTH_2-0178,39807,as published,0.0927,,
50G_NORTH_2-0178,39807,outie,0.0003,0.354,2.608
50G_NORTH_2-0178,39807,"outie, components",0.0000,0.397,2.780
50G_NORTH_2-0178,39807,"outie, parity",0.0840,3.529,31.934
50G_NORTH_2-0180,785,as published,0.5257,,
50G_NORTH_2-0180,785,outie,0.0000,0.006,0.036
50G_NORTH_2-0180,785,"outie, components",0.0000,0.006,0.041
50G_NORTH_2-0180,785,"outie, parity",0.0237,0.009,0.074
50G_NORTH_2-0196,24817,as published,0.0548,,
50G_NORTH_2-0196,24817,outie,0.0001,0.195,1.400
50G_NORTH_2-0196,24817,"outie, components",0.0000,0.208,1.415
50G_NORTH_2-0196,24817,"outie, parity",0.0183,1.195,11.103
50G_NORTH_2-0201,1140,as published,0.5889,,
50G_NORTH_2-0201,1140,outie,0.0004,0.008,0.053
50G_NORTH_2-0201,1140,"outie, components",0.0001,0.009,0.057
50G_NORTH_2-0201,1140,"outie, parity",0.0292,0.015,0.119
50G_NORTH_2-0202,635,as published,0.5257,,
50G_NORTH_2-0202,635,outie,0.0013,0.005,0.033
50G_NORTH_2-0202,635,"outie, components",0.0000,0.005,0.034
50G_NORTH_2-0202,635,"outie, parity",0.0583,0.008,0.060
50G_NORTH_2-0206,32552,as published,0.0561,,
50G_NORTH_2-0206,32552,outie,0.0001,0.280,1.941
50G_NORTH_2-0206,32552,"outie, components",0.0000,0.294,1.983
50G_NORTH_2-0206,32552,"outie, parity",0.0034,1.084,9.078
50G_NORTH_3-0019,420,as published,0.6179,,
50G_NORTH_3-0019,420,outie,0.0018,0.003,0.017
50G_NORTH_3-0019,420,"outie, components",0.0018,0.003,0.018
50G_NORTH_3-0019,420,"outie, parity",0.1835,0.004,0.028
50G_NORTH_3-0021,1767,as published,0.3887,,
50G_NORTH_3-0021,1767,outie,0.0025,0.019,0.087
50G_NORTH_3-0021,1767,"outie, components",0.0200,0.014,0.092
50G_NORTH_3-0021,1767,"outie, parity",0.0173,0.053,0.469
50G_NORTH_3-0034,684,as published,0.4084,,
50G_NORTH_3-0034,684,outie,0.0009,0.004,0.029
50G_NORTH_3-0034,684,"outie, components",0.0004,0.005,0.035
50G_NORTH_3-0034,684,"outie, parity",0.0180,0.007,0.057
50G_NORTH_3-0044,1536,as published,0.3462,,
50G_NORTH_3-0044,1536,outie,0.0600,0.010,0.067
50G_NORTH_3-0044,1536,"outie, components",0.0588,0.012,0.076
50G_NORTH_3-0044,1536,"outie, parity",0.0772,0.021,0.176
50G_NORTH_3-0046,2052,as published,0.4956,,
50G_NORTH_3-0046,2052,outie,0.0017,0.012,0.082
50G_NORTH_3-0046,2052,"outie, components",0.0683,0.013,0.085
50G_NORTH_3-0046,2052,"outie, parity",0.1132,0.019,0.137
50G_NORTH_3-0048,318,as published,0.4479,,
50G_NORTH_3-0048,318,outie,0.0843,0.002,0.016
50G_NORTH_3-0048,318,"outie, components",0.0824,0.003,0.018
50G_NORTH_3-0048,318,"outie, parity",0.1103,0.003,0.027
50G_NORTH_3-0049,1499,as published,0.4383,,
50G_NORTH_3-0049,1499,outie,0.0001,0.010,0.066
50G_NORTH_3-0049,1499,"outie, components",0.0000,0.012,0.071
50G_NORTH_3-0049,1499,"outie, parity",0.0094,0.016,0.125
50G_NORTH_3-0050,1084,as published,0.4048,,
50G_NORTH_3-0050,1084,outie,0.0534,0.006,0.040
50G_NORTH_3-0050,1084,"outie, components",0.0913,0.007,0.039
50G_NORTH_3-0050,1084,"outie, parity",0.0971,0.009,0.064
50G_NORTH_3-0052,29182,as published,0.2131,,
50G_NORTH_3-0052,29182,outie,0.0068,0.253,1.884
50G_NORTH_3-0052,29182,"outie, components",0.0137,0.283,1.952
50G_NORTH_3-0052,29182,"outie, parity",0.0469,2.259,21.188
50G_NORTH_3-0054,33753,as published,0.2793,,
50G_NORTH_3-0054,33753,outie,0.0070,0.255,1.791
50G_NORTH_3-0054,33753,"outie, components",0.0085,0.278,1.887
50G_NORTH_3-0054,33753,"outie, parity",0.0280,0.725,6.419
50G_NORTH_3-0063,12050,as published,0.6279,,
50G_NORTH_3-0063,12050,outie,0.0003,0.093,0.613
50G_NORTH_3-0063,12050,"outie, components",0.0001,0.090,0.584
50G_NORTH_3-0063,12050,"outie, parity",0.0203,0.599,5.516
50G_NORTH_3-0067,10771,as published,0.4512,,
50G_NORTH_3-0067,10771,outie,0.0221,0.081,0.561
50G_NORTH_3-0067,10771,"outie, components",0.0424,0.086,0.578
50G_NORTH_3-0067,10771,"outie, parity",0.0658,0.188,1.610
50G_NORTH_3-0068,583,as published,0.5283,,
50G_NORTH_3-0068,583,outie,0.0008,0.005,0.033
50G_NORTH_3-0068,583,"outie, components",0.0000,0.005,0.032
50G_NORTH_3-0068,583,"outie, parity",0.0031,0.008,0.070
50G_NORTH_3-0070,34632,as published,0.1672,,
50G_NORTH_3-0070,34632,outie,0.0056,0.313,2.312
50G_NORTH_3-0070,34632,"outie, components",0.0074,0.323,2.353
50G_NORTH_3-0070,34632,"outie, parity",0.0313,2.489,23.362
50G_NORTH_3-0073,3129,as published,0.5190,,
50G_NORTH_3-0073,3129,outie,0.0149,0.025,0.162
50G_NORTH_3-0073,3129,"outie, components",0.0155,0.028,0.182
50G_NORTH_3-0073,3129,"outie, parity",0.0335,0.056,0.438
50G_NORTH_3-0077,3100,as published,0.3144,,
50G_NORTH_3-0077,3100,outie,0.0020,0.025,0.169
50G_NORTH_3-0077,3100,"outie, components",0.0021,0.026,0.172
50G_NORTH_3-0077,3100,"outie, parity",0.0170,0.063,0.507
50G_NORTH_3-0078,1132,as published,0.3251,,
50G_NORTH_3-0078,1132,outie,0.0015,0.010,0.064
50G_NORTH_3-0078,1132,"outie, components",0.0011,0.010,0.068
50G_NORTH_3-0078,1132,"outie, parity",0.0107,0.045,0.396
50G_NORTH_3-0080,472,as published,0.3585,,
50G_NORTH_3-0080,472,outie,0.0000,0.004,0.018
50G_NORTH_3-0080,472,"outie, components",0.0000,0.004,0.021
50G_NORTH_3-0080,472,"outie, parity",0.0034,0.004,0.026
50G_NORTH_3-0083,4468,as published,0.5964,,
50G_NORTH_3-0083,4468,outie,0.0000,0.035,0.209
50G_NORTH_3-0083,4468,"outie, components",0.0000,0.037,0.215
50G_NORTH_3-0083,4468,"outie, parity",0.0028,0.065,0.505
50G_SOUTH_3-0047,14395,as published,0.5301,,
50G_SOUTH_3-0047,14395,outie,0.2983,0.121,0.814
50G_SOUTH_3-0047,14395,"outie, components",0.3094,0.126,0.834
50G_SOUTH_3-0047,14395,"outie, parity",0.3058,0.225,1.811
50H_NORTH-1151,9992,as published,0.3143,,
50H_NORTH-1151,9992,outie,0.0003,0.080,0.564
50H_NORTH-1151,9992,"outie, components",0.0002,0.098,0.594
50H_NORTH-1151,9992,"outie, parity",0.0266,0.270,1.954
50H_NORTH-1174,4272,as published,0.6536,,
50H_NORTH-1174,4272,outie,0.0004,0.027,0.175
50H_NORTH-1174,4272,"outie, components",0.0004,0.034,0.195
50H_NORTH-1174,4272,"outie, parity",0.0011,0.050,0.390
50H_SOUTH_1-0642,4766,as published,0.3932,,
50H_SOUTH_1-0642,4766,outie,0.0375,0.041,0.253
50H_SOUTH_1-0642,4766,"outie, components",0.1258,0.041,0.260
50H_SOUTH_1-0642,4766,"outie, parity",0.0716,0.127,0.982
50H_SOUTH_1-0653,2819,as published,0.5604,,
50H_SOUTH_1-0653,2819,outie,0.0053,0.019,0.119
50H_SOUTH_1-0653,2819,"outie, components",0.0132,0.020,0.124
50H_SOUTH_1-0653,2819,"outie, parity",0.0991,0.037,0.307
50H_SOUTH_1-0656,568,as published,0.6060,,
50H_SOUTH_1-0656,568,outie,0.0012,0.004,0.028
50H_SOUTH_1-0656,568,"outie, components",0.0000,0.005,0.031
50H_SOUTH_1-0656,568,"outie, parity",0.0016,0.005,0.040
50H_SOUTH_1-0659,22372,as published,0.4478,,
50H_SOUTH_1-0659,22372,outie,0.0181,0.194,1.275
50H_SOUTH_1-0659,22372,"outie, components",0.0210,0.204,1.322
50H_SOUTH_1-0659,22372,"outie, parity",0.0523,0.832,6.885
50H_SOUTH_2-0532,429,as published,0.4069,,
50H_SOUTH_2-0532,429,outie,0.0006,0.003,0.022
50H_SOUTH_2-0532,429,"outie, components",0.0002,0.003,0.022
50H_SOUTH_2-0532,429,"outie, parity",0.0520,0.005,0.035
50H_SOUTH_2-0536,1218,as published,0.6450,,
50H_SOUTH_2-0536,1218,outie,0.0031,0.007,0.044
50H_SOUTH_2-0536,1218,"outie, components",0.0031,0.007,0.042
50H_SOUTH_2-0536,1218,"outie, parity",0.0031,0.011,0.082
50H_SOUTH_2-0566,8956,as published,0.5237,,
50H_SOUTH_2-0566,8956,outie,0.0160,0.079,0.514
50H_SOUTH_2-0566,8956,"outie, components",0.0160,0.085,0.564
50H_SOUTH_2-0566,8956,"outie, parity",0.0418,0.235,1.967
50H_SOUTH_2-0567,1041,as published,0.4482,,
50H_SOUTH_2-0567,1041,outie,0.0000,0.007,0.040
50H_SOUTH_2-0567,1041,"outie, components",0.0000,0.007,0.038
50H_SOUTH_2-0567,1041,"outie, parity",0.0021,0.009,0.069
50H_SOUTH_2-0569,27106,as published,0.5121,,
50H_SOUTH_2-0569,27106,outie,0.0011,0.235,1.643
50H_SOUTH_2-0569,27106,"outie, components",0.0035,0.275,1.814
50H_SOUTH_2-0569,27106,"outie, parity",0.0175,0.886,7.683
50H_SOUTH_2-0576,344,as published,0.3946,,
50H_SOUTH_2-0576,344,outie,0.0000,0.003,0.017
50H_SOUTH_2-0576,344,"outie, components",0.0000,0.003,0.019
50H_SOUTH_2-0576,344,"outie, parity",0.0244,0.005,0.028
50H_SOUTH_2-0578,10274,as published,0.4371,,
50H_SOUTH_2-0578,10274,outie,0.0001,0.081,0.529
50H_SOUTH_2-0578,10274,"outie, components",0.0026,0.086,0.544
50H_SOUTH_2-0578,10274,"outie, parity",0.0765,0.316,2.612
50H_SOUTH_2-0580,518,as published,0.3421,,
50H_SOUTH_2-0580,518,outie,0.0149,0.004,0.026
50H_SOUTH_2-0580,518,"outie, components",0.0145,0.004,0.025
50H_SOUTH_2-0580,518,"outie, parity",0.0366,0.006,0.045
50H_SOUTH_2-0585,10614,as published,0.4490,,
50H_SOUTH_2-0585,10614,outie,0.0325,0.075,0.467
50H_SOUTH_2-0585,10614,"outie, components",0.0326,0.078,0.461
50H_SOUTH_2-0585,10614,"outie, parity",0.0503,0.158,1.249
50H_SOUTH_2-0609,338,as published,0.6685,,
50H_SOUTH_2-0609,338,outie,0.0005,0.003,0.018
50H_SOUTH_2-0609,338,"outie, components",0.0219,0.003,0.022
50H_SOUTH_2-0609,338,"outie, parity",0.0203,0.005,0.037
50H_SOUTH_2-0611,13229,as published,0.4435,,
50H_SOUTH_2-0611,13229,outie,0.0174,0.108,0.694
50H_SOUTH_2-0611,13229,"outie, components",0.0507,0.109,0.694
50H_SOUTH_2-0611,13229,"outie, parity",0.0568,0.276,2.265
50H_SOUTH_2-0641,21243,as published,0.1162,,
50H_SOUTH_2-0641,21243,outie,0.0002,0.181,1.243
50H_SOUTH_2-0641,21243,"outie, components",0.0000,0.201,1.306
50H_SOUTH_2-0641,21243,"outie, parity",0.0175,0.873,7.125
